iteration,resolution,TP,FP,FN,TN,accuracy,error_rate,precision,recall,background_windows,anomalous_windows
0,high,31283,0,0,2307,1.000000,0.000000,1.000000,1.000000,125046,9312
0,med,31511,0,2,2501,0.999941,0.000059,1.000000,0.999937,125894,10160
0,low,31618,1,4,2603,0.999854,0.000146,0.999968,0.999874,126318,10584
1,high,33169,0,0,4565,1.000000,0.000000,1.000000,1.000000,132466,18470
1,med,63134,1,1,41334,0.999981,0.000019,0.999984,0.999984,252034,165846
1,low,78226,6,1012,58594,0.992615,0.007385,0.999923,0.987228,311818,239534
2,high,35146,0,0,6532,1.000000,0.000000,1.000000,1.000000,140634,26077
2,med,97579,1,1,73933,0.999988,0.000012,0.999990,0.999990,390890,295165
2,low,129025,17,2204,105186,0.990606,0.009394,0.999868,0.983205,516018,429709
3,high,37306,0,0,8450,1.000000,0.000000,1.000000,1.000000,149422,33602
3,med,135063,0,1,105780,0.999996,0.000004,1.000000,0.999993,540286,423090
3,low,183770,32,3179,151407,0.990511,0.009489,0.999826,0.982995,735718,617834
4,high,39485,0,0,10343,1.000000,0.000000,1.000000,1.000000,158161,41151
4,med,172055,0,2,138011,0.999994,0.000006,1.000000,0.999988,688849,551423
4,low,238607,40,4199,197342,0.990370,0.009630,0.999832,0.982706,954193,806559
5,high,41684,0,0,12347,1.000000,0.000000,1.000000,1.000000,167109,49015
5,med,210386,0,2,171131,0.999995,0.000005,1.000000,0.999990,840965,685111
5,low,294443,53,5145,245622,0.990467,0.009533,0.999820,0.982826,1177893,1003159
6,high,43696,0,0,14392,1.000000,0.000000,1.000000,1.000000,175134,57216
6,med,244394,1,2,206083,0.999993,0.000007,0.999996,0.999992,977390,824528
6,low,344191,60,6290,296135,0.990181,0.009819,0.999826,0.982053,1378518,1208184
7,high,45816,0,0,16237,1.000000,0.000000,1.000000,1.000000,183303,64909
7,med,279199,0,6,238688,0.999988,0.000012,1.000000,0.999979,1116263,955309
7,low,395649,89,7534,342541,0.989779,0.010221,0.999775,0.981314,1582743,1400509
8,high,48342,0,0,17997,1.000000,0.000000,1.000000,1.000000,193445,71909
8,med,322245,0,5,268497,0.999992,0.000008,1.000000,0.999984,1288677,1074309
8,low,458755,114,8446,385636,0.989964,0.010036,0.999752,0.981922,1836293,1575509
